<?xml version="1.0" encoding="UTF-8"?>
<beans xmlns="http://www.springframework.org/schema/beans"
	xmlns:xsi="http://www.w3.org/2001/XMLSchema-instance" xmlns:mvc="http://www.springframework.org/schema/mvc"
	xmlns:context="http://www.springframework.org/schema/context" xmlns:tx="http://www.springframework.org/schema/tx"
	xsi:schemaLocation="http://www.springframework.org/schema/beans http://www.springframework.org/schema/beans/spring-beans.xsd
		http://www.springframework.org/schema/context http://www.springframework.org/schema/context/spring-context-4.0.xsd
		http://www.springframework.org/schema/tx    http://www.springframework.org/schema/tx/spring-tx-3.0.xsd">

	
	<context:component-scan base-package="com.lti.hrAppl.daos, com.lti.hrAppl.services" />


	<bean id="sessionFactory"
		class="org.springframework.orm.hibernate4.LocalSessionFactoryBean">
		<property name="dataSource" ref="ds" />
		<property name="hibernateProperties">
			<value>
				hibernate.dialect=org.hibernate.dialect.Oracle10gDialect
				hibernate.show_sql=true
			</value>
		</property>


				<property name="annotatedClasses">
					<list>
						<value>com.lti.hrAppl.entities.BusDetails</value>
						<value>com.lti.hrAppl.entities.BusRoute</value>
						<value>com.lti.hrAppl.entities.TravelDayDetails</value>
						<value>com.lti.hrAppl.entities.Customer</value>
						<value>com.lti.hrAppl.entities.BoardingDetails</value>
						<value>com.lti.hrAppl.entities.Booking</value>
						<value>com.lti.hrAppl.entities.SeatDetails</value>
						<!-- <value>com.lnt.hr.entities.Dept</value> -->
					</list>
				</property>
	</bean>

	<bean id="ds"
		class="org.springframework.jdbc.datasource.DriverManagerDataSource">
		<property name="driverClassName" value="oracle.jdbc.OracleDriver" />
		<property name="url" value="jdbc:oracle:thin:@localhost:1521:XE"></property>
		<property name="username" value="system"></property>
		<property name="password" value="Newuser123"></property>
	</bean>

	<bean id="txManager"
		class="org.springframework.orm.hibernate4.HibernateTransactionManager">
		<property name="sessionFactory" ref="sessionFactory" />
	</bean>
	<tx:annotation-driven transaction-manager="txManager" />

</beans>
